{"timestamps": [1482267347.400277], "initial_reset_timestamp": 1482267345.256296, "episode_lengths": [14], "episode_rewards": [-74.82999999999998]}